username,total_score
TechnoPhasePRO,0
Gauravsahadev,0
navodanilakshi,0
tyOjasvi,0
rahulmajumder85,0
ketanmehta244241,0
users,0
somesh1312,0
hitenndr28vipuldcoder,0
ismeet010vineeth12345,0
i_love_bhavit,0
paulakash36,0
Eshanatnight,0
360abhimanyu,0
titikshasaini,0
Deepthi2021,0
shubhabanerjeewin8,0
waridrox,0
HARSHI28A,0
Debanitrkl,0
Swapnil074,0
deepanshuchajgotra26,0
khushboojadon,0
anuj0809,0
Sangipc,0
Ngai-E,0
ssurbhi560,0
vigilance,0
subhadeeppaul,0
Sachindrck,0
mohammedowez,0
iamrishav111,0
rounak-github,0
shrutijha16,0
shafi1996,0
CharansinghThakur,0
poorvitiwary,0
Eshaabhasin,0
rhythm55,0
Gurleen-Dhod,0
Bhanu-mbvg,0
archie-95,0
navi532,0
SHUBH619,0
swathi-hegde,0
Vatsalgarg1617,0
Ritika1d,0
komal99,0
AudrickOng,0
KratiAnu,0
p-bucky,0
srishti-the-learner,0
RamSamarthPaliwal,0
sssmrd,0
sonuverma1,0
sauravchirania,0
priya-tiwari,0
ripper479,0
AyushmanBilasThakur,0
0563gaurav,0
CruxBox,0
vaishnavisatone,0
meghaa105,0
PratthamArora,0
anmol8399,0
mj2799,0
vbansal20,0
gaganak,0
sonalimahajan12,0
kumsomi,0
priyansh14,0
rasacharjee,0
kuldeep-98,0
pwnsoni,0
dharmjeet2dk,0
Sreejan4500,0
nja12g,0
akshatj355,0
07Shubh,0
Maxz2136,0
arun664,0
the-pro,0
akshay08011907,0
arghac14,0
sahil-9,0
chanpreet1999,0
pratikpanda1234,0
yatharth17,0
undefined098,0
Arunkumar0258,0
anmolgup,0
rishtha,0
dvlpsh,0
aanagran,0
APushpendra08,0
Sindhuzasingh04,0
mehvishmeraj,0
Muskan-Mangal,0
UshasriMavuri1999,0
DeepanshiD,0
NeerajSirvisetti,0
Sbabureddy,0
maheshschand,0
shweta-bajpai,0
tista123,0
Varshney200,0
samarth30,0
Chirayugupta,0
N15H4,0
gupta403,0
rishabhku,0
vaidz21,0
doriorio,0
daya2940,0
gowrijp,0
rajnis09,0
AmanL04,0
SHUBH619,0
ankit-tailor,0
Prachi-Patel,0
garimamann,0
ayuashii,0
manisinghasd,0
vicky1999,0
imshivamdwivedi,0
amoghjalan,0
ushayadav22,0
aldrin163,0
vijethph,0
zeeshanbhati,0
eKta37,0
prayans,0
ayush8stp,0
stratospher,0
asquare24,0
https:?id=621009,0
KINGSLAYER99,0
Eklavya42,0
bhavesh0206s,0
PravunathSingh,0
Ruchikamodgil,0
joydevhati1998,0
rohits301,0
saidrishya,0
ShaliniBR12,0
Aman-Codes,0
bp1710,0
XxArkadeepxX,0
Meghdut-Mandal,0
ManasaaM,0
vrindajain1999,0
Tsanjana19,0
mahakmakharia,0
Utkarsh2604,0
Saurabh70,0
YashAwaghate,0
anwesha-mohanty,0
Ruth0709,0
malavikasmenon,0
IamAnkit55,0
darkmatter18,0
AarushiKapoor,0
akku15999,0
shardul1999,0
spacemonkey1101,0
thejina,0
sakshikhachane,0
saurav-skl,0
nikxtaco,0
saurabhkanswal,0
VaibhavSethia07,0
bhavesh2699,0
Ajay-Modi,0
infiniteoverflow,0
djsavaliya,0
akshitabhardwaj5,0
shwhite17,0
neethunsr,0
Nikita-Sukhwal,0
8426988382,0
web-geek,0
SomyaGandhi,0
trisha-c-a,0
priyagarg1304,0
Debpramanik19,0
heflinstephenraj,0
Sayoni26,0
dj373,0
AmitAgarwalChas,0
shubhangishukla0801,0
apoorvavats,0
brainaxe123,0
malavshahce,0
rohit45deepaK,0
akshaysingh5,0
Rahulkhatri-19,0
taniya25,0
Shian009,0
W1nt3r-code,0
aftex261,0
AgrawalVipul31,0
rishab247,0
C2OO13,0
pavansai1,0
prakhar154,0
Daisy-M-RGB,0
sharmapradyumn,0
Swarnimashukla,0
Akanksha-Pant,0
rebelfire888,0
Sayam753,0
sharmajsr,0
anshuman1510,0
aakankshapathak09,0
adii44,0
eaglewarrior,0
vineetnayak777,0
abhishekakade,0
najim11rahman,0
swarnawep56,0
imemya19,0
tigerashishthakur,0
gowripratyusha28,0
sakshamj74,0
aditisingh2362,0
soulhunter10737,0
amanagrw,0
DevTrishla,0
VijayAnand-B,0
gargmuskacodingn94,0
anjali142,0
vidushi0205,0
Akhila-Krishna,0
rpop67,0
Mrig26,0
tushartiwari0172,0
tanveerchahal,0
roubalsehgal,0
Vishnumaya-S-Unni,0
Sagarika00,0
parul44,0
nikochiko,0
abhayrmeshram,0
Rishabh-13,0
vanshikagarg26,0
aviral38,0
abhinav580,0
BhanujaAggarwal,0
oscillator25,0
Dheeraj0052,0
singhalekta22,0
yuktirapartiwar,0
laishawadhwa,0
bansaljas,0
Antaripa,0
akhileshsantoshwar,0
mansiagarwal451,0
Sowmyamithra-55,0
Kajol-Kumari,0
vidhigupta9,0
CipherGirl,0
Blazer-007,0
msk4862,0
tanu456,0
HarshitaArun,0
kaustubhsh,0
mohdwasi03,0
pcsingh,0
Dude-1999,0
marylicious,0
PIYUSH-01,0
Mishrasubha,0
Chavi99IIT,0
ShebinJoseph,0
im-ankitjais,0
jhanwweereddy,0
manishaverma1012,0
ashishnagpal2498,0
praneetha3108,0
officialAmanchauhan,0
cyberShaw,0
prateek18597,0
Adityanagraj,0
NshSrnvsn,0
Swa4nali,0
reethu1219,0
VIJAY07102,0
mocha4coding,0
EshitaNandy,0
JanviMahajan14,0
sanjanamajumdernov,0
suchi12j,0
Karim-Adnan,0
keshakaneria,0
anujji1999,0
SabhyaGrover,0
yash2189,0
niyantha23,0
shreyas000,0
rishabh570,0
amanpratapsingh54,0
aayu2408,0
kichloo,0
Sai-rohit17,0
0Vipin0,0
Umarocks,0
AjinkyaTaranekar,0
Mumar123,0
parinita08,0
sarvesh-amrute10,0
sonali623,7
jamesjose03,0
prashsanil,0
RiyaThakore,0
somyaguglani,0
sejalbhatia30,0
kpkartikuzumaki,0
shortCircuit81,0
allenabraham777,0
nencypatel11297,0
scintilla932,0
masterbios,0
Surabhi1997mitra,0
Gauravdarkslayer,0
AmanDeep9925,0
karansinghrajpurohit,0
Abraarkhan,0
anchal7299,0
SandipPalit,0
vin18,0
HariniJeyaraman,0
bhavanshu-1112,0
amanhooda123,0
saranonearth,0
parul5sahoo,0
dipashreepatil,0
mruna7,0
karan2762002,0
sunchit17,0
PragatiVerma18,0
adityabisoi,0
naman04-dec,0
fabcodingzest,0
raza4399,0
gauravburjwal,0
abhinashgiri,0
subhashreetrip,0
agarwalshivani23,0
abhu-A-J,0
sim12cool,0
MSoumen,0
snehaprag,0
darkfist,0
kudos-dot-com,0
pushkar-khetrapal,0
hound77,0
imabp,0
anisha1907,0
SinghHimadri,0
tejashubham,0
salonibanerjee,0
SwaraliDinkar,0
jhasaurabh312,0
Sshruti10,0
tahanima,0
rhythm10,0
chaitanya003,0
karan1dhir,0
chivalrous_hv,0
Estaer,0
Mirnal1409,0
arteevraina,0
mehmehul,0
Meenakshi2000,0
Tusharium,0
Pranitaambade,0
sadhvi1234,0
bishalpandit,0
PSpooja,0
Knlsharma,0
surajshende247,0
eshanheretic,0
dishak331,0
robot-with-feelings,0
govindgoel,0
riyasingh1004,0
ShauryaBhandari,0
irshadjsr21,0
kcharles52,0
ruchika06,0
HaripriyaR7921,0
AnjaliBN,0
dragonman164,0
yuvrajmanral,0
geekysan,0
RadhikaAgarwal99,0
keshavkumar700,0
anjiattri,0
aprajitraina,0
Anirbansaha007,0
nancysingh24,0
lavlife06,0
Rita-Okonkwo,0
anurajbhandari5,0
prince776,0
LovepreetSingh12,0
HritikBhardwaj,0
MuskanKhatwani,0
dkiran100,0
Pihu1998,0
shravyakodli,0
k12shreyam,0
Shiv1202,0
MrUltimate-Karn,0
17tanya,0
kajalgupta,0
shwetagurnani,0
lakshyajit165,0
shubhamgoel90,0
kumarrajiv08,0
anubhavshakya,0
anindita81,0
nikita0408,0
ishamaxpi,0
YaminiShrestha31,0
shivanigangadharan,0
SachindraFernando,0
machine-sg,0
GunjanMA,0
RohanRV,0
simrann20,0
utkarshcool,0
RiaJha02,0
Apurbo-Talukdar,0
shridhar-hegde,0
rohitg00,0
ShambhaviTiwari,0
PROxZIMA,0
Nandini9634,0
barnalibasak,0
rithika-hebbar,0
geetika04,0
rinsacm,0
SnegaRamesh,0
DarthBenro008,0
Satzyakiz,0
utkryuk,0
topcoder69,0
Shivanikanswal,0
suraj7076,0
rrkas,0
vishakha-a,0
manpreet67,0
asin1203,0
Priyankabajpai,0
srj-dubey,0
ashnakumar,0
mcorn663,0
manaswitatyagi,0
Ratna04priya,0
shreya-ss,0
Roopam-mishra,0
sheetalrawat123,0
Aren-Stark,0
saurav3199,0
anushri9988,0
Ayushi0508,0
surbhivash,0
rakhiPurwar,0
https:,0
nishant679,0
flookuptech,0
sushant-kd2019,0
hemantsharma619,0
heytanay,0
Nik-09,0
punisherz,0
p-soham11,0
munazzil4,0
kshntn,0
dheerenhdra,0
sngmanish,0
tripathyprateek,0
VarthanV,0
Devansh80,0
diksham1,0
itida99,0
vipinmankar,0
SwapnaKategaru,0
missvicki,0
ViAsmit,0
ShivaniGarg123,0
sagnik047,0
Raghav1503,0
vedpshukla,0
bishopmate,0
Nikitapande,0
aakankshamudgal,0
Amitesh1997,0
amandewatnitrr,0
coolsonu39,0
codetronaut,0
pankul98,0
Sirius-Stag,0
shyamli01tiwari,0
Mansi650,0
Sameerkash,0
KA0335,0
shwetachan,0
fireheart007,0
saumya0320,0
Jyotika25,0
lalitgiri77480,0
manjeet-mehta,0
fzd370,0
arpitgoel2222,0
LifeofAGeek,0
TKarishma,0
poojagl85,0
Bhawna11agg,0
sanjanaagrawal,0
devc97,0
Meghana359,0
jyotikrjc,0
GarvTambi,0
anshikagoyal871,0
sg28march,0
deepak11cs,0
amberprice-stack,0
swetankraj,0
tanvibattu,0
Ashuto7h,0
Rasu11,0
Rsr0,0
devanshi7799,0
harshithaprabhu,0
123prabhat,0
prabhpreet332,0
debojyoti777,0
GSri30,0
SomyaGupta97,0
BellatrixLestrangee,0
BALaka-18,0
AJAYSHARMA2012,0
diksha-dutt08,0
bhanvimenghani,0
starwiz-7,0
Devoshree,0
sukritishah15,0
aamiyagarg,0
rupayan123,0
thesrijande,0
smaranjitghose,0
Vivek798,0
rudrakshi99,0
Deepika-23,0
hiverkiya,0
atul1837,0
vngarg,0
07ATUL,0
Potential17,0
utkarsh1148,0
WebBarnwal,0
Shreya-Gupta02,0
ankit986,0
Atri1999,0
gulshan17,0
MonikaJain8,0
Tanzeela-Fathima,0
SarvottamNK,0
Shadman-Ahmed-Chowdhury,0
sachita3,0
CONQUEROR9,0
nis130,0
sgpritam,0
jatin-js,0
VaishnaviShet,0
M-I-Dx,0
sanchjain,0
JyotiJauhari,0
jui2010,0
anshul12360,0
abhishekk311098,0
Zenix27,0
suryadevsingh,0
EnthusiasticPlum123,0
krishnendu1154,0
Sankalan47,0
Rishabh510,0
SandeepKrSuman,0
ananyakamboj,0
shubhamchopade,0
Ananth9911,0
RaghavAwasthi,0
Joshitha18,0
UnnatiMishra,0
guptaesha19,0
AJAYK-01,0
samaresh231,0
Arejay23,0
sukriti-singh,0
Kam149,0
Udit3008,0
Swapna02,0
paulShauvik99,0
sakshi0101,0
mariapault,0
smitagupta517,0
Pooja220,0
akashksinghal,0
Udayuk,0
garimasingh128,0
pragyabansal02,0
22sujata8d,0
tanishq9,0
17-versha,0
BhuwanChandra,0
Hstellar,0
mrbuddhu,0
nidhi012,0
imdropcodes,0
Ankita1811,0
yashsvi-30,0
NikhileshKatakam,0
Tanmayi03,0
sneha122,0
adad20,0
Sumeetrana,0
DeepShikha11,0
krsachinroy,0
srivallisreya,0
carrisunrio,10
DhairyaKhanna,0
aysp-99,0
urbashi123,0
VibhorChinda,0
Adyasha8105,0
bhavyasinghal06,0
ISHIKA10,0
sandhyabhan,0
PANKAJRANKA06,0
TanishaSingh16,0
sonalsk,0
Shivani1234thakur,0
Trupti-Padhiary,0
https:?usp=drivesdk,0
mySTRiouscoder,0
utkzas,0
Puneet-Pal-Singh,0
IshaanG,0
aishwaryanevrekar,0
vish-2000,0
iamankitkumar08062001,0
nike47,0
RitikaJain8818,0
Kannupriyasingh,0
sakshijainn,0
imrishabh18,0
megha-c,0
simranaggarwal1999,0
pandeyroshan,0
sagnik-chatterjee,0
Vipanshi,0
Mansi145,0
tarushi-22,0
nirjs,0
baacloud,0
ParichayDey8,0
shalusikarwar,0
vartika102,0
Nishi1499,0
Devforlife07,0
aswindinesh,0
jahgath,0
shubhamaniket,0
Jaseemck,0
Rahul-160,0
iamkishansharma,0
riza2802,0
nehasangeetajha,0
Mudita52,0
vermagaurav8,0
cracker108,0
DevanandGowda,0
nikipr1999,0
Basilleaf24,4
PavitraAritas,0
PROTechThor,0
Shweta0002,0
aryamanpuri,0
ambika1101,0
Kumaranupam2020,0
aashiverma,0
ishikabansal04,0
itspsneha,0
janhavidadhania,0
puruwastaken,0
VaishSiddharth,0
NikitaMasand,0
anahita-singla,0
aishnayak,0
illseption,7
krish-18,0
muskan-888,0
pearlyadav,0
navneet1907,0
digitalakhil,0
abhishek0220,0
nihara75,0
savitha111,0
vivekjoshi112,0
dhritiarora,0
plashaa,0
ashmitadutta,0
ankita0606,0
srimani-programmer,0
Harikrishnan6336,0
chttrjeankr,0
utkarsh0702,0
jananigm,0
iinancyyii,0
PavanBH,0
diru1100,0
Pratim14,0
shruthi-g-s,0
bhawika-agarwal,0
rishmithak,0
salway-dolkar,0
asmijafar20,0
ShreemaSimran,0
Jahnavi-Jonnalagadda,0
shivangisrivastava0408,0
Revathi-23,0
Sharanya-Bharghavi,0
kaavyajain,0
CharithBhat,0
sarthakforwet,0
HeroicHitesh,0
Rakshithalv,0
KhushbooGoel01,0
denyshubh,0
RAVITEJASr,0
crashoverloaded,0
karan16,0
rahul-sambyal,0
shubhammantri1,0
SatYu26,0
Jaya234,0
iamjoytank,0
abhishek745hg,0
Raksha25,0
Shrikha1,0
UmashankarTriforce,0
yashsingh7889,0
Arnabsaha6,0
AkshayTaphare57,0
aarushi934,0
hellcaster-arch,0
Digvijaysingh0707,0
AlankritaShah,0
swapnil-tiwari,0
karan07krs,0
Devapoojitaa,0
kriti009,0
honipiple,0
anushajain19,0
keerthanaemparala,0
shivam1423,0
DineshBS44,0
luck786,0
skshahnawaz,0
ab63,0
manali-biswas,0
algokun,0
DhaneshShetty,0
mugdhajoshi,0
dwijeshmishra,0
aaliyah03,0
subhahu123,0
Kashish121,0
hiyabose,0
ksunisth,0
infiniteverma,0
megha12367,0
codekcg23,0
ronitbiswas97,0
X0rD3v1L,0
dulcetsoul,0
vikasbalu,0
BhavishyaTolani,0
golashboy,0
UrviSoni,0
Anjalijain29,0
Mayukh0,0
Kshitiz123456,0
kunchammahajan,0
Bhupendrapt5,0
Pnlalit,0
TusharNaagar,0
SAchu47,0
abhinav889,0
ritik2209,0
Medhavi-16,0
sunny934,0
Raj8400224046,0
shalini2106,0
shristi428,0
AbhijitMore,0
manan-bedi2908,0
Avanik1,0
suubh,0
Ashindustry007,0
aditianshu,0
hackrx,0
V3dant,0
kabirnagpal,0
kmrakash,0
pakhibansal,0
rajeshrausan3619,0
T-Kavya,0
Sushmitha-Katti,0
afrazchelsea,0
darkdebo,0
kaurdil,0
dwvicy,0
supritha24,0
shubangimahajan,0
mansi-a,0
yashaswinipai,0
mohitangural9086,0
psycho376,0
HarshitPatel25,0
Geesa-Vihara,0
hemakshi1234,0
Prachi18-prog,0
AnshadV,0
Shagun15,0
Chetanjain10,0
shivamkumarkashyap5,0
yashiagar,0
HardevKhandhar,0
guptavarun619,0
vsharma20v,0
ShubhiKhanna,0
festronix,0
Sourish-Mukherjee,0
pateljahnavi,0
palak300674,0
pranikz,0
TusharMehtaJi,0
Srikrishna-Adiga,0
shekarMudaliyar,0
DivyaMaunikhiya,0
jazzy28,0
Pratikrocks,0
suhanacharya,0
aviralx10,0
arpancodes,0
quran123,0
cdaman123,0
ivaibhavjindal,0
harsh2102,0
Rec0iL99,0
Ujjwal297,0
me-bhavya,4
developerayush2098,0
manishthilagar,0
sanchibansal340,0
kris-07,0
gkanishk,0
prangya244,0
zeeshanovic,0
payaljindal,0
shash137,0
ganesh-sadanala,0
Srtpatil,0
tharindusathis,0
cherryWood55,0
settings,0
krishnapalS,0
insolublesolvent,0
Suchana34,0
cybertron21,0
Bhavyaa08,0
Aanisha,0
Khushi-naik,0
settings,0
shreyakapoor08,0
Yash1256,0
prateekpardeshi,0
rishi2907,0
anisha282000,0
97shivank,0
shruti01052002,0
charan7386,0
himanshu0137,0
samidhaVerma,0
hardikhere,0
tannyjoseph,0
Sayan-dev,0
Garimagupta85,0
deepdiwakar9,0
SusmitaKar98,0
Sanrocks07,0
ketan-b,0
divya814,0
NicolaMascarenhas,0
ritish099,0
RupalJain97,0
Sumindar,0
khuss2432,0
piyushP7pravin,0
priyanshitaneja,0
Gauri013,0
technicalvedji,0
anishajain22,0
KunalAmbekar04,0
tushar-amrit-6,0
ketansk8666,0
ankitmodi31198,0
JanaSabuj,0
kumarishivanisingh14,0
arpita-in,0
soumyashaw,0
Puja7629,0
greyhatlinux,0
FrozenGirl-spd,0
chkrishan,0
jjatin777,0
yj2303,0
arnabchakraborty97,0
PranathiDeepak,0
shwhite17,0
rawat-divyanshu,0
sudhanshu-soni,0
pooja-git11,0
immanishbainsla,0
im-rh-ansari,0
terminator0002,0
jgini,0
AdityaVandan,0
Roshan-R,0
navya2020,0
satya29m3,0
Hirafathima,0
bhongiritejaswi,0
mehadave,0
bhavitha333,0
goyal9mili,0
vaishali614,0
Manas2520,0
inamgithub,0
rahulgarg28071998,0
supriyasinhaa,0
dibyendu415,0
ishaa12,0
Jain-Aditya,0
Nidhi-Mantri,0
Srujanaph,0
SimmyExplorer,0
ankanbose848,0
Ashishprashar,0
mahima1997,0
Divya3010,0
gunjanverma0405,0
rrsrahul,0
raksha009,0
YasinShah-Programmer,0
aryamasinha,0
Showgata,0
SayanBan,0
17-Vishal,0
Debajeetacharya,0
kritikadevda1525,0
Prasanna28Devadiga,0
rashish15,0
AmithaSM,0
maitreyi0505,0
thakran14,0
sanket9918,0
Aienten,0
UddeshJain,11
Frenzyritz13,0
singhsaurav23,0
Czeach,0
Prakhar-Srivastava,0
sastaachar,0
Rajashi18Chatterjee,0
ashimasingla20,0
Prateek830,0
Saloni313,0
SaraLatif99,0
ankitt01,0
veenasnair18,0
gautham678,0
vineeta786,0
steric85,0
ashmishra1,0
Kritika-30,0
preeti13456,0
Sahastracookcoder1,0
santushtisharma10,0
Sumangrewal,0
nikhil6418,0
SubCoder1,0
insane4u00,0
ojasvik,0
pratyusha124,0
Suswagata23,0
bikram17,0
adi0509,0
poorva2145,0
Mainak29,0
nayabed,0
Arya-web,0
vapyc,0
kritisingh1,0
ArchitaSaima,0
kashish027,0
adsv1623,0
thiru15,0
Vishruth-S,0
asthacs,0
apurvasuri,0
gauravdas014,0
akshayDatacode,0
manish-barnwal,0
Yash088,0
shafique-md18,0
anandsoni143,0
Abhi1398,0
suyashgautam,0
abhishekkansal,0
vvijayalakshmi21,0
mansikagrawal,0
Garima-189,0
annu12340,0
Zeal-V,0
shubhigupta991,0
Dishebh,0
hah1504,0
KamalDGRT,0
surajkmr195,0
PranshuPanwar,0
360abhimanyu,0
chahatbhatia1,0
264pranjal,0
9916103020NtaoMoloi,0
Archit0000,0
bharanicoder,0
tanharpatel,0
vishnu123sai,0
coderprasukj,0
Joshitha18,0
sakshiii,0
anshukaira,0
Rutambhara10,0
ritikasource,0
uniyald823,0
Tarunmittalg,0
thakur24,0
Monika-charpe123,0
manav014,0
prashansag62,0
Rid62,0
satyam285,0
atrip10,0
11-sakshi,0
krabhisharma,0
pragatij17,0
vinay2214,0
suvadityagupta,0
iiitvamsi,0
Ashish0077,0
dipanshuraz,0
Atuld02,0
csharp489,0
bhavytaggarwal,0
diya11patel,0
Disha5harma,0
Abhik1998,0
ksdkamesh99,0
ishanivij,0
Sandeeppal1999,0
creatorsofchange,0
arpitasahakundu,0
Raj2367,0
trishu,0
pranesh6876,0
siddhi523,0
parvezi123,0
aryasoni98,0
Mohinig,0
Neelabhra08,0
Mit-Patel,0
nandita1211,0
bhatvikrant,0
apoorvam25,0
poojasahu10,0
uditi99,0
Vibhuti0206,0
Dhairya3124,0
Sayan-Manna,0
bharati-21,0
nidhigangwar,0
BhavishayGulati,0
vikilleaks,0
bhagatsunny96,0
OmangMorekar,0
swapniltripathi123,0
ApoorvaNamala,0
rishav-ish,0
pranjalkalal,0
roshankcjha,0
Kajal-Mongia,0
harshareddy794,0
subhashkarthik1998,0
Shreyasingh1401,0
Shashwatsingh22,0
Mustafiz04,0
AkbarHabeeb,0
bhushanyadav07,0
nandanasreeraj,0
Chaitalykundu,0
mfayaq,0
shubhamsingh28,0
ayushi-sharma-123,0
yuktta,0
Irshad-1,0
rishavghosh1331,0
RadheTians,0
Riyagoel2,0
G-Lucifer,0
tanu212,0
rheahooda,0
Pranav57,0
payal-98,0
iamarunchauhan,0
poorvikams,0
ankay212000,0
mharshita,0
anmolkaur18,0
shivamgupta57121,0
BishalKrChanda,0
tinaoberoi,0
vinod2305,0
jmuskaan72,0
shvamabps,0
predator-gautam,0
wulforr,0
jaassmine,0
pavan000-code,0
som23ya,0
spiyush0212,0
prekshajagetiya123,0
Twinkle0799,0
pama-amo,0
Shashank-Jha,0
neha19799-h,0
Divyansh747,0
minolipvartak,0
akankshatanwar1701,0
Saloni0600,0
susmitha168,0
shomikg,0
zee-bit,0
LMPerera,0
meghanagottapu,0
sonali2105,0
ME-ON1,0
Sayantan-Bhowmick,0
PRITIISHAW,0
NivedithaBBhat,0
sayannath,0
yashmnc,0
abhishekjain35,0
avgupt,0
major2001,0
taran9873,0
CHETHANBRAAJ,0
juveria-manzar,0
SaumyaSingh1,0
aryavinodan,0
yash-7827,0
parthsharma07,0
Jaypg02,0
sonu6084,0
ISHaNT-CHaHaR,0
deepakacharya1908,0
krishnakeerthanas2000,0
KeerthanaTE,0
github-login,0
Valdermaut,6
raksh543,0
radhikasethi2011,0
anutanveer,0
Shivanidubey23,0
explore,0
sangeetamishra,0
AakritiGupta298,0
AnkitaBIT,0
amanmalakar007,0
rakshitha-g,0
animeshsrivastava24,0
Schitiz,4
jyotirawat224,0
harshlohia11,0
kushverma86,0
nilavya2000,0
abhishekgupta368,0
neil-dev,0
Richaagrawal314,0
RevathiKannanGithub,0
ayushi-universe,0
SwarazK,0
naman360,0
ankurdubey521,0
parjanyaacoder,0
himanshu-roy,0
humancalico,0
ayushchou8876,0
ritbikbharti,0
MemE-G-0-D,0
Anushka-shukla,0
mahakbansal2019,0
princekumarcyber,0
Ruchika30,0
mahi397,0
AnjaliSharma1234,0
abh33,0
anascann,0
Tawishi,0
samarpita-bhaumik,0
saloniankita23,0
akhilomar,0
mayukh-B,0
afroz23,0
Anushka-Rajvanshi,8
ron-matt163,0
mahakmandlecha,0
CSElonewolf,6
simran2104,0
Ani1000,0
Advitya-sharma,2
rajatmw1999,4
rushu570,0
2580ayush2580,0
prarthnapahuja,0
safurazaheer,0
anubhav11march,0
joardar-aditya,0
Xtremilicious,68
gutsytechster,0
rashrey2308,90
aman-atg,21
gayathri-venu,4
dakshkhetan,0
pooja-git11,4
ayushmankumar7,2
arvindkr7,0
prince-09,15
SDakshit,0
SubhradeepSS,40
harshcasper,27
avinash2201,0
SohelRaja,0
Rasazna,0
anmolkaur18,0
isumit19,0
tanvikapoor29,0
richabh456,0
diksha1720,0
Dhar15,0
accakks,0
deepakkapse,0
brahanyaa,0
PurvaChiniya,0
pratik20002,0
yuthika123,0
sanya2508,0
DeathNaughT-GitHub,0
RAMIDI-SRAVYA,0
disha2sinha,0
ritika-0111,0
mewcifur28,0
bharath-acchu,0
sakigo9,0
divyake,0
rahulgambhir,0
infiniteoverflow,0
simrankoul,0
medhak16,0
samcooldev99,0
simscool1,0
mridubhatnagar,0
ayush1507,0
Priya-Raut,0
Vidwita,0
debdutgoswami,0
ashiishkarhade,0
iamrajiv,0
anushiya-thevapalan,0
ShubhzR,0
PratilipiAich,0
JainStuti25,0
Parmod611,0
iamabhishek0,0
Ninjavin,0
kaushalsahu,0
deepak2233,0
Chanchal1603,0
debajit13,0
DEBANJANAB,0
anshul1098,0
KanakalathaVemuru,0
soumyaa1804,0
surajyadav9,0
iamkunalpitale,0
internetlake98,0
divymakkar,0
PrachieNaik,0
mehakg867,0
himanshusharma89,385
sagijagadish,0
iamsomraj,0
Angshuman032001,0
saintpopo,0
srishtiBajpai,0
samruti,0
ashutoshdwivedi2001,0
Avish-Tripathi,0
kaushambi22,0
ShashwatVC,0
dhogaivannan,0
muskanc6769,0
gpsuhas20,0
mightomi,0
manishkaa,0
mehul0007,0
numaan-esc,0
goelabhishek694,0
Tanya102,0
Quartz14,0
shivendrarox,0
Simran-bhardwaj,0
Rock-M00,0
github-harshit,0
lezendarynoob,0
JRathour12,0
Shr03mink,0
Himan1999,0
shubhrasachdev,0
DevNM21,0
harshitaricha,0
04MohammedSahil,0
Ragul310,0
krit2gupt,0
rudri182Gyanwee28,0
Vickymeera09,0
kumarujk,0
Sayanbrata,0
eshadas,0
shruthi019,0
https:,0
FaisalAhmad786,0
infiniteaditya,0
MsShandilya,0
ashanandi24,0
prateekguptaiiitk,0
THEBEAST310hmangal2304,0
rajat1478,0
preethi-sc,0
Souptik2001,0
Sohini18,0
Dhanshreeb05,0
sandy9999,0
utkarshkumar05,0
ka1shi,0
adhyanagpal,0
sourabhagrawal23,0
Srashtimittal,0
aksharadyuti,0
pavankpdev,0
pr3s4r10,0
ym2108,0
GeniusLearner,0
21170293,0
DhrupalGP,0
Ayumilan,0
pearlgupta2000,0
navyajyoti,0
deepdhar,0
thevip,0
TanviKumar,0
nikita1211,0
Keerthihegde,0
pragati-04,0
huonggiangbui,0
prshnt19,0
deepjoy9,0
shreoshi-roy,0
991rajat,0
Amitsharma45,0
akri16,0
joyetabarman2000,0
abhishek-0811,0
firthowsa,0
samarpanghosh,0
Soumya0803,0
poorvapk,0
gouri-panda,0
kaushik-art,0
sreejith97,0
AbhipsaGuru1012,0
nayonnapurnell,0
Sruti2001,0
aarikasrivastava,0
JasbirCodeSpace,0
puja-ui,0
imbhavesh28,0
Jayati-Narang,0
Alekhyaaaa,0
muskankhanum,0
taran1515,0
amrtachaurasia,0
ayushbathrey,0
elenuco,0
Aakansha99,0
divya-prakash-1,0
AdityaSingh17,0
rithwikreddy40,0
Pravartya,0
Avinash9k5r,0
shujaa25,0
stutipandey,0
sunidhitandel,0
JoshuaPoddoku,0
shumbul,0
debd08,0
arcticfloyd1984,0
abhichou4,0
arnab15,0
prachi-aggarwal,0
Sudipa-Sarkar,0
gauravchandra7,0
cheshtan,0
InfamousBolt,0
krishnam1998gkp,0
Ashish0926,0
Kashish-max,0
ritika-rm,0
svensevenslow,0
TheTrailblazer09,0
pratyushraj7,0
asura-ninja,0
MittalAayushi,0
Nashua354,0
mahimaverma10,0
asaw4,0
Odinga96,0
LuGO0,0
Tanmayvv,0
tonalmathew,0
taaniyaghosh,0
Lalita-Gupta,0
saritacutinha,0
RA-Snow,0
bansalsurya,0
bosecodes,0
manasi1109,0
HarshilP03,0
Ramesh-geek,0
thesaltree,0
ishukhanchi,0
Akansha2202,0
Bhairavi-avt,0
Shanu4499,0
saks1209am,0
SaranshDawra,0
abhish3k-11,0
smruthimohan,0
shreyasrivastava936,0
BhardwajShweta25,0
18chanchal20,0
MananKaur,0
afsamelmuri,0
Biswarupc10,0
satyamroy001,0
HSweta,0
avni1111,0
devanshim2207,0
https:,0
dhaarna29,0
vaggar12,0
Aswathybyju,0
xmonish,0
HemaHarshitha45,0
roksankit24,0
aashimgarg,0
kasmirakurnala,0
manasyadav1070,0
shadrackkiprotich,0
GorishaPuri,0
iprashant15,0
nikita0098,0
MeghaNandaJ,0
anshu18107,0
Atharva2018,0
priyaverma20,0
nainapaliwal98,0
unsuitable001,0
anujadasnurkar,0
bansalmuskaan,0
Cyber-Athul,0
Anjalidubey01,0
hanzala-sohrab,0
shreyanshi2228,0
agrawalsajal02,0
MeghanaMahesh6,0
vedprakashp615,0
praveenraj007,0
Mawishmus,0
SimranMakhija7,0
csunidhi13,0
dvitiarora,0
srishti-nema,0
bhavitdagade,0
ankitabasera,0
cyberpunk-akash,0
OveeKulkarni,0
Muskan-Verma-7,0
swapnadeepmohapatra,0
anshika-1999,0
supu2701,0
Ishita1608,0
Ayush-Singh-7,0
karandevtyagi,0
rumanashafin,0
abhineetmishra64,0
nuje98,0
Anushi1998,0
iyoushe1703,0
sanusoumya17,0
vdivya51991,0
muralivaishnavi,0
as8297,0
Srihari44,0
Abhinavmishra8960,0
imgeekabhi,0
sumitdnath,0
ashwinijha6,0
nikhar444,0
Devanshi2241,0
rajarahul12,0
vaishnavijha,0
bmdivya,0
poorb20,0
nandhiniswaminathan,0
kadeeja653,0
savita-pujar,0
shashankcic,0
Vishnupriya-codes,0
Liya1910,0
Thanson-Dizosa,0
Achi-Aththanayake,0
satvikchachra,0
Chandana-Na,0
TejasAr39,0
bhavanalengure,0
RitikaGupta8734,0
gnidhi28,0
rahulmemenit,0
riya5915,0
Sahil0071,0
anishagoswami167,0
settings,0
neontouch,0
madhurbhoyar,0
vinitasrivastava,0
eternalcoder01,0
DineshGowd,0
singh2010nidhi,0
Kratigarg13,0
kashika3101,0
fswap,0
nehadevi2105,0
hellohell258,0
Jaiminirana,0
https:,0
super-beam,0
raviyadav-git,0
satabdim10,0
MousumiDas625,0
ankitakosare1,0
vijaydevkate,0
iharshit009,0
azmeena11,0
Shirin25,0
mahima1989,0
revanth6399,0
RkishoreRaju,0
AkhilaReddy15,0
Chandana-GK,0
Abbeyme1,0
NITISH-KUMAR-REDDY,0
YASH01009,0
Shubhangipanda,0
MOHITSAHAL,0
pranjal36,0
rajathbharadwaj,0
Abraarkhan,0
preetibharade,0
gambani-simran,0
dashboard,0
priyanshu10,0
imran2001,0
prithvi181998,0
triptitiwari4399,0
mannandeep,0
Angelvicks,0
suraj-sloth,0
https:,0
himanshu64,0
azz-design,0
varun123-prog,0
Joy-droid,0
deebindal,0
SonGoku98,0
shakya1,0
sanjaytharagesh31,0
Shubhangi0304,0
Abhinandan-Singh,0
prabhatgupta-cloud,0
GeetikaGupta2,0
aditi6622,0
iipsnishtha,0
Saurabh2509,0
GreatDhruv,0
sonutiwari,0
join,0
priyanka2jh17cs040,0
siddharth952,0
pragyajaiswa05l,0
heisastark,0
biekymahato,0
amljs,0
Samiksha99,0
deepamshree,0
sheen404,0
ameya-code,0
V2dha,0
Ayush7-BIT,0
ritz-ch,0
JiyaX,0
Anni1123,0
15aarushiGhadiya,0
KalagaSahitya,0
vaishnavipandey025,0
snehagupta01,0
avaishnav6292,0
rahul5720,0
aditisoni8899,0
quantaaaaa,0
shiwani2626sinha,0
prat31,0
shubhangishukla,0
amelia2802,0
priyanshu2129,0
SarthakKaner,0
Samiriiit,0
dyutidaveROZZ01,0
Manish-cloud,0
shubha028,0
kavyabala23,0
pranjalshinde,0
poosatvik,0
thebishaldeb,0
aadesola,0
Radiumskull,0
Kar2410,0
SANJAY87294,0
an672,0
DawoodBhai420,0
PritiShaw,0
dashboard,0
padmaja-nadkarni,0
cosmicity-kepleria,0
Dishtid,0
Xxoliaxx,0
masterkn48,0
ayushianan,0
dashboard,0
satyam3976,0
SadiyaZarnain,0
sugapriyasugu,0
Seema-Sarvi,0
BhavanaPadala,0
Mohdzubair3056,0
Anjan50,0
khyatijha777,0
shaljais01,0
Garima-2000,0
Annamaliakal,0
Ishani-Chatterjee,0
OptiMus-cyber,0
milindsoorya,0
NANDINI-star,0
neeyatiajmera,0
Anushkakushwaha456,0
IshanDhruv,0
harshshaw,0
HarsheetKakar,0
bluejay229,0
krishngupta,0
sandeepkaali,0
ravireddy07,0
19isha98,0
jdvpreddy,0
cs-20,0
RahulGondkar,0
codehunk628,0
SimranWadhwa,0
Nivedita-coder,0
PranatiTyagi,0
vaishnavi-telrandhe,0
Kajaljain22,0
Aswinpookkatt,0
prithwu,0
ishita2277,0
Himabindugssn,0
iamudityadav,0
sanujana045,0
ra999,0
amruta-n,0
TheDudeThatCode,0
https:,0
itssingh,0
bghanchi,0
shivani789,0
MonikaRameshNaidu,0
sayaliKutwal,0
bs2603,0
divyanshbhowmick,0
bohemian98,0
triptiiii1234,0
Bindusar1212,0
Wi7ARD,0
Deeksha960,0
Monisha-1308,0
Swatidevi123,0
siddartha19,0
devinhritik,0
jatin990,0
Ironheartcoder,0
poojasrinivass,0
Preetpalkaur3701,0
pugnator-12,0
m-code12,0
Tadiki-web,0
PreetiBhatia24,0
KEERTHANADILLIKUMAR,0
sanvi2091,0
swasti965,0
rahulpsingh1,0
0ishan0,0
abha11,0
paridhigulati,0
rukaiya2000,0
arnabroy2000,0
Aishwaryaraj2,0
kmani22,0
dev-raj-kumar,0
vansoni,0
Kalakalyani,0
rabiaumar,0
upriser7781,0
khushi3108,0
richard937,0
prakhartayal,0
Megha912,0
anushreejain98,0
bhavika-29,0
nayan981,0
shreyatripathi2,0
vishalkumar7477,0
veer11997,0
TonmoyDragon,0
moriarity9211,0
Bharathnaik23,0
orsdev,0
shreyasingh8180,0
ALOKARYAN51,0
damiecode,0
ayushi59,0
Amanjakhetiya,0
muskanqed,0
jainstuti,0
AkshitOstwal,0
Bin-raushan,0
hwmishra,0
ismartushi789,0
tanzidulislam,0
Smrithi23,0
smriti111,0
pa7ri,0
aashik1998,0
purityNyakundi,0
geeky-nerd,0
chaurasia-namrata,0
muskanlalit18,0
mansigoel98,0
NavyaSri3,0
INDALPHA,0
affanmohammed,0
iBruceW,0
AdityaGattu,0
Soumyk,0
Lahari-bj,0
AnaghaSethuraman,0
someshthakur90,0
IPSITA2000,0
imgeekrahul,0
Nikitha-Rajendran,0
Rukmini-Meda,0
habeeba-naaz,0
codermuskanj,0
ank1122,0
Samarjiit,0
khushali259,0
Amisha18107,0
bharat-1809,0
Akankshabhasin,0
nisha0712,0
vishakha2108,0
ajay26296thakkar,0
rachel1306,0
shivani1103,0
rayrayc786,0
Ashrith-Shetty,0
Dolan-dev,0
settings,0
Manishsamota321,0
soumyakapsime,0
Kirti2502,0
asawarideshmukh,0
rummanakhtar,0
maze-runnar,0
RedEye00,0
NVS16,0
jaskirankaur51,0
nooras,0
nolimits-sagar,0
Plakshi1234,0
utpalsriv,0
TeAmp0is0N,0
CHIRAG202,0
Salwafirozkhan,0
HimanshuBohra,0
trivediavinash,0
rubenshibu,0
sanyamdtu,0
tanmaysen0110,0
abhishekjha229,0
abbyck,0
PriyaSaini26,0
audaz-47,0
akash909,0
chandrikadeb7,0
Rishika-7,0
dtram52,0
darshanfolane,0
afrinjamanbd,0
adarshraj365,0
bhanumitt,0
dA505819,0
ashwini91098,0
priyanka2109,0
Abhi27999NehaGomasenishantsharma09,0
raniyer,0
anubhavsingh16,0
j-shreya,0
deepikavaswani,0
harsh-shah15,0
Shoili06,0
dikshamohnani,0
abhip99,0
iamsusmitha,0
Major2001,0
ashdriod,0
afrozchakure,0
MsShandilya,0
Anshikasoni,0
devanshi-katyal,0
Adyashapattanayak04,0
2knal,0
Mubashshira,0
Shivansh2407,0
RishabhJain-28,0
RMzemog,0
ravi937-alt,0
rajneesh44,0
PurvaKar,0
RaghvendraSinghChandel,0
mayanku1999,0
m-aachman,0
robsteneha,0
reCursedd,0
SonaliGupta25,0
Nshah-02,0
SSAIBIGHNESHPRUSTY,0
abhijeet010304,0
satyaprakash-7101,0
kanishkmendiratta,0
feyiluvty,0
rheakuppasad,0
Paavai13,0
deepalitakyar,0
Moddy2024,0
divya-varshini,0
rabeehrz,0
nikhithabhupal2000,0
harikrishnana2021,0
secretshardul,0
utkarshanehe,0
sai-janani,0
iamsamuelhere,0
shivaniraochepuri21,0
shivangigoel1302,0
subhamkrai,0
veen-as,0
aayush1205,0
soulprogrammer01,0
nikkkhil067,0
123711,0
shivanidalmia1203,0
Heena251299,0
LakshmiPandey,0
sony927,0
github-yeswanth-2000,0
sreelekha901,0
ashiscs,0
Shubham6059,0
Arpitadasgupta,0
lucifer0987,0
adarsh1mehra,0
naresh2002,0
Endowmissy,0
Saloni-prsd,0
jayakar01,0
kancherlakishorereddy,0
Arpittodkar,0
priyalbhatewara123,0
vedangi163,0
manildayma,0
dhruvsaxena1998,0
avanisingh0105,0
explore,0
AkanshaKamboj,0
jesiccanayak123,0
Shrutikhare180,0
aggarwal19,0
Ayushrai-code,0
PrakharChelawat,0
mr-dependable,0
rajatsinghal97,0
sahninsh,0
nicks101,0
UrviGoel,0
shaleengovil25,0
hanlinc27,0
shalini-04,0
aneesh404,0
bhuvnesh-dev,0
https:,0
s16shraddha,0
yssharmasharma,0
RuchiraRay,0
soumyanaraparaju22,0
samridhi-jain,0
sar99,0
account,0
Alishabhopale,0
lordarcadius,0
JasleenRandhawa,0
BiplabPrasad,0
PHOENIXFURY007,0
kushanshamika,0
Raviraj00,0
nabeeljay,0
hayjay-coder,0
arora-yash,0
hariprasath2603,0
Prateek9085,0
ArchanaGAdiga,0
saketh018,0
chetanjain645,0
rbjoshi1309,0
Gutapa,0
Varungunda60,0
Nivedita-2202,0
sharmakeshav10,0
spurtips169,0
Ahelii16,0
kahkasha123,0
kalp83,0
srivastavaayu,0
arghadip23,0
shaistha24,0
amanraza1234,0
Srijani-Chaudhury,0
Versha67,0
anshul0807,0
Prtmplish,0
dixitaditya248,0
anandaditya444,0
lakshyatyagi24,0
Sushi22,0
NileshArnaiya,0
Shubhangu,0
anujaagarwal,0
12Abhishekvit,0
panxuan101,0
adityanjr,0
unnatigupta126,0
bhaskarSingh,0
Aditi1709,0
Shubham-1105,0
pratixaa28,0
BhoomiKohli,0
Chetna03,0
explorer2299,0
shivang2k,0
sreelekshmis133,0
pragati9191,0
ersurajsingh,0
Ritacheta,0
gauravtewari24,0
aish2306,0
akshaygoelakki,0
Tsudhishnair,0
KhushbuParmar,0
akraochepuri,0
anshukcse,0
anirudh-kac,0
krupalipatel18,0
MANASAB805,0
palakbisani20,0
AdityaAshvinsrushtiwaghmare,0
phiiileo,0
arp99,0
roshaniduratkar,0
aadhar54,0
sampadakale,0
sleephackers,0
quark4561,0
Ankit152,0
KHMohit,0
soutisamanta,0
aditi-2405,0
AnushkaH,0
keerthana,0
sumagiraddi24,0
manthan109,0
demaria11,0
aryanjha22,0
akashdeep007,0
iamnk140,0
settings,0
vishnukalyan,0
fluffypanda47,0
AlphaHKumar,0
ishaan-s1,0
Avvisek,0
ektavision,0
Alaska18,0
SnehaAgg0212,0
zakiya27,0
gauti091,0
Arpita1401,0
manjunatha-naidu,0
Salonii02,0
CodeMonkey-42,0
tejavaradaiah,0
Nishtha3512,0
soumiks4,0
meghamariamkm,0
aaryankotharii,0
Harishdanial,0
aravindmenon1197,0
mr-jestin-roy,0
iSpidey,0
Anushka118,0
aanchalrohira97,0
salonipriyani,0
Sethshreya,0
ManikanthPalled,0
Mighty-Geek,0
gaursakshi,0
hitha2000,0
SVK15,0
sheetalssr,0
Tanya12Singh08,0
iushee,0
skaul15,0
Akanksha1212,0
YashV1729,0
midhunjmanoj,0
shivani789,0
Prasuna16,0
sbmvirdi,0
akt114,0
myselfanuj,0
Divyanshwick,0
yaswanthpalaghat,0
SnehhaPadmanabhan,0
github-sslkeerthana-2603,0
rajraman786,0
raa-zez,0
disha1202,0
aisha1121,0
Mitasha98,0
SoumyaMajumder90,0
DishaByadgi,0
SATYAM86400,0
pundreek-saurabh,0
harshitabishnoi,0
arkadeepde142,0
Indrajakadiyala9,0
Rits1272,0
ajaynair710,0
Nishmitha-hn,0
severussnape123,0
Waldjoy5,0
Anupreetadas,0
Queentreza-S,0
madanmoha,0
thacker-shahid,0
1harshita,0
adesojisusan,0
vyom153069,0
anega006,0
khushi-15,0
rohansinghrawat99,0
AnsheeMongia,0
garvitasinghvi,0
kirthi-ka,0
gautam-gaurav,0
sakshid07GarimaAgrawal13,0
AnoushkaVyas,0
Akankshabhatt,0
sahil-bettiah,0
VECTOR326,0
hritikpapa,0
Prince-Gupta16,0
vimalvk9,0
mohammadaamir12,0
christy19,0
ASarchna,0
maazcs,0
mani1soni,0
alanta335,0
chandbud5,0
ayan-biswas0412,0
Nehank1709,0
kundang9973,0
Hamsini-R-Koushik,0
Ashishranjan1,0
purplesmurf45,0
Verzehrer,0
Saurabh-Jaiswal-0707,0
yashsn,0
Meera27,0
ayushikulshrestha30,0
wadekar43,0
laxmikohli,0
reallyinvincible,0
ShubhiL,0
Bhagyashribele,0
shubkaushik,0
nootanbire,0
Gouriinamdar,0
siddhishree,0
KushalBhanot,0
Sejal30,0
nikhataara,0
shan-shaji,0
shantnushubham,0
deeptiagg16,0
techsmartjsk,0
radicalswetank,0
mayankchauhan971,0
pixan198,0
rishiar4,0
iAyushiP,0
madhatter17,0
MdAkdas,0
mehak2610,0
Vaishali9522,0
AparnaJuhi,0
svpatel1302,0
Medha-B,0
LathikaDevraj,0
charlesfathima,0
mehakmalhotra1,0
muskan1820,0
aman2611,0
sayantan06,0
vinayakkgarg,0
mukul48,0
mdzaidalam52,0
aksayushx,0
HarshitaAgarwal09,0
yugaljain1999,0
IuliaElizaS,0
Mansi109,0
najma510,0
Hybrid2232000,0
AdharshM,0
Nikhil-Patro,0
IncharaS,0
RABINDU19071998,0
nitashadhingra,0
shanta2000,0
skhetarpaul,0
archita28,0
abhijitroy0356,0
Gituser143,0
ashishbinu,0
pandeykriti,0
prabuddh1,0
vkunal3501,0
shivii340,0
appyem2,0
ashfreakingoyal,0
ishvar99,0
Juan-Moreno-17,0
zulkernine,0
AayushTyagi1,0
Swadesh13,0
Mitali-C,0
vaishnaviikv,0
nandakishormpai2001,0
mugsiiit,0
elaishane,0
reached-ankita,0
ishaan2908,0
Aju100,0
IpsitaJash,0
sayamss,0
Chayan-19,0
NPranitha,0
parul9756,0
codeprogredire,0
AISHWARYAPATIL123,0
riddhi-jain,0
rohg007,0
kargilmishra7,0
hiccup-k,0
prajwal714,0
syedareehaquasar,0
harshsri0701,0
aryangulati,0
chandana394,0
Randrita,0
jaisanant0,0
sagarbharad,0
myworkcircle,0
Kashish410,0
rowan2702,0
sumanthst24,0
shivammishra261999,0
chandrakshitiz,0
Shreya-Khandelwal,0
ritusitlani,0
kamal-kaur04,0
nandybishal23,0
mukund2000,0
kodegod,0
scortier,0
shrishailgrngannavar,0
vikhyatsingh123,0
kritikasony,0
mishrasai,0
kartikmohan123,0
nerdynikhil,0
ratangupta1224,0
terminatorash2199,0
anushka-12-lal,0
tacoon1,0
vaanicodes,0
oudarjya718,0
khushijindal,0
Harshitha-sa,0
shreyavijayvargiya,0
VibavariG,0
Ruchi101,0
priyadarshu,0
hrithikc,0
kartikkulkarni167,0
yashasvimisra2798,0
priyameghanakarri,0
amandhamija98,0
IshaMistry,0
PayalKhade,0
ArshaRavichandrakumarSeena,0
fizarasool27,0
Nikhita7Chavva,0
artibhatia13,0
sakshi398,0
rachut2501,0
princepriyank,0
sunnysunita,0
devansh1903,0
Blink98,0
bhagyashrirajput,0
Ankeet2002,0
AnurupSalonke,0
invisiblegeek1,0
vkr-code,0
maulikaluthra,0
Radhikadua123,0
Yashank18,0
abhinavprkash,0
Tanveer178,0
nsankethreddy,0
py93,0
Sanju832,0
codetheorem,0
pragatirai126,0
eshant7444,0
lashiv,0
Divyashree96,0
aayanksinghai,0
naveen2816r,0
vsvarapriya,0
Rajashree9901,0
PiyushSharma99,0
Neelaksh-Singh,0
anandhu013,0
Saranya-Krishnan-M-21,0
setika13,0
tanshinayak,0
connectrv,0
chandelnitesh,0
Shaktigupta931,0
akshayask,0
Sruthi-sk,0
sinhavartika,0
git-nikhila-7,0
chahatgoyal,0
adityasrivast,0
kavita234,0
annukamat,0
raunak222,0
namitamutha,0
himanshi-singla,0
TheDangerD0802,0
Sabreen-Parveen,0
harsimran09,0
amardeep28,0
ujjwaltiwari13,0
pinku7499,0
hritik5102,0
KavthaleSam,0
rajkothari634,0
prashant2-4-4,0
manasakalaga,0
eeshita19,0
nathzi1505,0
laxminagaral,0
agnes-sharan,0
sonalishakya,0
Aditya-Gupta1,0
deepdarshan21,0
Rudy-Menekam,0
afrozsayed,0
sparsh9,0
prachisingh2018,0
harshs404,0
shivakanthsujit,0
harshtyagimdr,0
drishtigehi,0
rishabhjaiswal3,0
ruchika-swain,0
Shubham-kant,0
Sheldon1999,0
savitav1999,0
vaibhavr2709,0
Srinidhi2000,0
Diu2912,0
dzekem,0
shreyasavant,0
shweta0699,0
vasu0403,0
RohitGowala,0
Ajil5467,0
yashaswiadyalu,0
Daggerhub,0
badal-yadav,0
Esha26Gupta,0
vikaskbm,0
wildchaser1703,0
adityatayal,0
aayesha1,0
DhruvTrehan,0
pranita736,0
manishk20,0
guptaaman028,0
harshita130602,0
goyalmuskan,0
MonishaPrakash,0
anushkajha,0
ddebrup,0
LavanyaBabu,0
Sanjana-R,0
Aayushi1506,0
yashwant1998,0
Kuljeet-123,0
AnshuTrivedi,0
MamoorJaanKhan,0
srishti9612,0
nandhini-sr,0
ShuvamChatterjee28,0
thomasajai001,0
Prernapundir,0
aarush2786,0
NabunyaLilian,0
KomalPandey15,0
nikhil7sunny,0
Siddharth-716,0
DeVil2O,0
apooorvasri,0
anjanik012,0
igrishi,0
MitaliDiwan,0
crowded-geek,0
Sapna2001,0
aanchal269,0
walt1702,0
users,0
ranjal007,0
rahulbalani26,0
pembemiriam,0
viduu,0
yomiramontalvo,0
vineetjk,0
Gayathri-GB,0
gnanendraprasad,0
nishant-sachdeva,0
aysinghal2001,0
Shatakshi21,0
D-Anir,0
shre-ya,0
simran1802,0
beingKHUSH,0
aman-earthian,0
PranavReddyG,0
Ramas1998,0
Aditi122000,0
vishaljkk,0
AshikaAgrawal123,0
AnandBaburajan,0
Asresh,0
chaithanyarlk,0
gabaji,0
navyasri1,0
suraj111999,0
dibakar95,0
avishto11,0
grvkmr07,0
sharanp98,0
manishlpu,0
ishawaghulde,0
monika400,0
jeffcorp,0
pawanbharadwajnp,0
crstnmac,0
sanxy,0
sapnanil7,0
SKrdx2k,0
Ayomilotunde,0
HarshitCodex,0
sharmaaditya570191,0
manishanaik2609,0
Sid130698,0
anjalisoni3655,0
shantamsultania,0
ankit9358,0
sanithps98,0
TVSSSRIPAD,0
AY003,0
ashmit07,0
Samriddhi25,0
shwethabm,0
Dynadroid,0
Sumanth2905,0
shr3ysavage,0
nida444,0
